{

  "version": 2,
  "schema_version": 2,

  "id": "io.cytoid.glow_dance",
  
  "title": "Glow Dance",
  "artist": "iamMANOLIS",
  "artist_source": "https://iammanolis.com/track/glow-dance",
  "illustrator": "TigerHix",
  "illustrator_source": "https://cytoid.io/profile/tigerhix",
  "charter": "xuxu9110",
  
  "music": {
    "path": "music.mp3"
  },
  "music_preview": {
    "path": "preview.mp3"
  },
  "background": {
    "path": "background.jpg"
  },
  "charts": [
    {
      "type": "easy",
      "difficulty": 4,
      "path": "chart.easy.txt"
    },
    {
      "type": "hard",
      "difficulty": 6,
      "path": "chart.hard.txt"
    }
  ]

}